,count,mean,std,min,25%,50%,75%,max,cv
A0,1000.0,-151.2869690568469,0.4326353236596105,-152.01738642682483,-151.66761619996623,-151.28427529842804,-150.91292990802748,-150.50658458667223,-0.002859699856218584
A1,1000.0,-85.60214078442566,0.24774039195750883,-86.0403263841326,-85.81260663276012,-85.59624151781706,-85.38854248401316,-85.18539436426845,-0.002894091078649547
tau0,1000.0,836.14,108.67731667261185,621.0,750.0,831.5,910.0,1136.0,0.12997502412587827
t0,1000.0,1464.1938940999853,190.53651303877982,1087.0036333333278,1313.1705183333222,1456.0588991666523,1593.6875849999822,1989.9179416666393,0.1301306567433129
tsep,1000.0,834.14,108.67731667261185,619.0,748.0,829.5,908.0,1134.0,0.13028666251781698
fac_A0,1000.0,1.0001683115344209,0.0028601811766893665,0.9950091373983524,0.9976955136044028,1.0001505029166249,1.0026847953584903,1.0049971498157386,0.0028596998562185833
fac_A1,1000.0,0.9998776556985868,0.0028937370030983007,0.9950098401300841,0.9973827161337516,0.999808749187454,1.0023360065892173,1.0049958920672215,0.0028940910786495445
