,count,mean,std,min,25%,50%,75%,max,cv
A0,200.0,-151.26139311474847,0.30409169228096494,-152.00200957414046,-151.26151,-151.26151,-151.24226640083356,-150.5548706187727,-0.0020103721512750965
A1,200.0,-85.59019623037642,0.1734770035730069,-86.03756737260188,-85.612615,-85.612615,-85.54135580979141,-85.19249441933968,-0.00202683264221141
tau0,200.0,830.74,71.63476879632204,696.0,768.25,826.5,892.25,973.0,0.08623007053509164
t0,200.0,1454.7264430999855,125.59234508805397,1218.4960083333247,1345.1669962499882,1447.292740833319,1562.5677229166497,1704.1411799999796,0.08633399474090801
tsep,200.0,828.74,71.63476879632204,694.0,766.25,824.5,890.25,971.0,0.08643816974723319
fac_A0,200.0,0.999999227263753,0.0020103705977876653,0.9953283595990329,0.9998727792736801,1.0,1.0,1.0048954924100684,0.0020103721512750965
fac_A1,200.0,0.9997381370768363,0.002026301889890955,0.9950927724768094,0.9991676554885212,1.0,1.0,1.0049636653734018,0.002026832642211408
