,count,mean,std,min,25%,50%,75%,max,cv
A0,100.0,-151.26127622949684,0.4311351820287515,-152.00200957414046,-151.6184860800155,-151.23094797068765,-150.87372236195526,-150.5548706187727,-0.002850268044642331
A1,100.0,-85.56777746075286,0.24387941292215223,-86.03756737260188,-85.75686374214536,-85.5410950366605,-85.37259086177853,-85.19249441933968,-0.0028501314415232035
tau0,100.0,842.94,104.42249264261491,650.0,763.25,831.0,921.0,1071.0,0.12387891503857322
t0,100.0,1476.1158694333185,183.07682081329511,1137.8473516666597,1336.400837916655,1455.1822833333188,1612.973133333315,1875.9578833333087,0.12402605012544062
tsep,100.0,840.94,104.42249264261491,648.0,761.25,829.0,919.0,1069.0,0.12417353514235843
fac_A0,100.0,0.999998454527506,0.0028502636396314663,0.9953283595990329,0.9974363098844861,0.9997979523719396,1.00235999283635,1.0048954924100684,0.0028502680446423297
fac_A1,100.0,0.9994762741536728,0.0028486387540218447,0.9950927724768094,0.9971963928654501,0.999164609522329,1.0016849005505246,1.0049636653734018,0.0028501314415232
