,count,mean,std,min,25%,50%,75%,max,cv
A0,2000.0,-151.27423952842346,0.3061077700005346,-152.01738642682483,-151.28397407392532,-151.26151,-151.26151,-150.50658458667223,-0.002023528731360893
A1,2000.0,-85.60737789221282,0.17521341392973128,-86.0403263841326,-85.612615,-85.612615,-85.59628951754573,-85.18539436426845,-0.0020467092702026253
tau0,2000.0,826.7815,72.05829554415206,695.0,763.0,823.0,885.25,976.0,0.08715518615759067
t0,2000.0,1447.7862755474857,126.3348855940299,1216.7427766666578,1335.9625299999884,1441.156429999986,1550.2951012499832,1709.4008749999794,0.08726072882978249
tsep,2000.0,824.7815,72.05829554415206,693.0,761.0,821.0,883.25,974.0,0.08736652743078265
fac_A0,2000.0,1.0000841557672104,0.002023699022973752,0.9950091373983524,1.0,1.0,1.0001485115012096,1.0049971498157386,0.002023528731360892
fac_A1,2000.0,0.9999388278492933,0.002046584068594694,0.9950098401300841,0.9998093098493223,1.0,1.0,1.0049958920672215,0.0020467092702026236
